"","K","PIC.variance.obs","PIC.variance.rnd.mean","PIC.variance.P","PIC.variance.Z"
"Eyel.w",0.25329860741957,3.74213321514417e-05,4.6554840725067e-05,0.505,-0.289018973793857
"Femur.w",0.55842422753486,0.000339939479090563,0.00097695876142027,0.148,-0.859030370212079
"Headl.w",0.511392991793822,0.000128282604328597,0.000334672198591091,0.143,-0.86953178738528
"Headw.w",0.80468327498429,0.000127705910610588,0.000529835986200311,0.035,-0.941868765910666
"Mandible.w",0.514683507908823,6.16952355489571e-05,0.000166383549333776,0.148,-0.785160075485104
"Scape.w",0.500315808233513,0.000326511714345432,0.000841803309296049,0.184,-0.780154947561614
"Webers",0.580585194592495,0.00548683542532701,0.0156793984244525,0.152,-0.893084301076982
