"","K","PIC.variance.obs","PIC.variance.rnd.mean","PIC.variance.P","PIC.variance.Z"
"Eyel.w",0.25329860741957,3.74213321514417e-05,4.79765340986258e-05,0.5,-0.311999072215671
"Femur.w",0.55842422753486,0.000339939479090563,0.00097104630313718,0.146,-0.860047422266825
"Headl.w",0.511392991793822,0.000128282604328597,0.000342489199246451,0.114,-0.929625600948511
"Headw.w",0.80468327498429,0.000127705910610588,0.000522213674084685,0.032,-0.964060708818593
"Mandible.w",0.514683507908823,6.16952355489571e-05,0.000167445046039816,0.142,-0.822272032219505
"Scape.w",0.500315808233513,0.000326511714345432,0.000851593097274528,0.172,-0.823074776666241
"Webers",0.580585194592495,0.00548683542532701,0.0162563684126261,0.148,-0.931533911449028
