"","K","PIC.variance.obs","PIC.variance.rnd.mean","PIC.variance.P","PIC.variance.Z"
"Eyel.w",0.25329860741957,3.74213321514417e-05,4.77156079045336e-05,0.475,-0.3222790431304
"Femur.w",0.55842422753486,0.000339939479090563,0.000933446149778166,0.147,-0.858763719737629
"Headl.w",0.511392991793822,0.000128282604328597,0.000331437070565442,0.114,-0.905741475266969
"Headw.w",0.80468327498429,0.000127705910610588,0.00052717858714362,0.032,-0.94447481114983
"Mandible.w",0.514683507908823,6.16952355489571e-05,0.000160649635238001,0.151,-0.789401716114219
"Scape.w",0.500315808233513,0.000326511714345432,0.000850399407508259,0.169,-0.803377892360791
"Webers",0.580585194592495,0.00548683542532701,0.0163216638407369,0.151,-0.93400763113116
