"","K","PIC.variance.obs","PIC.variance.rnd.mean","PIC.variance.P","PIC.variance.Z"
"Eyel.w",0.25329860741957,3.74213321514417e-05,4.80647290028478e-05,0.502,-0.305552835980863
"Femur.w",0.55842422753486,0.000339939479090563,0.000966955208809031,0.145,-0.859812005800622
"Headl.w",0.511392991793822,0.000128282604328597,0.000330229045390418,0.135,-0.887772505738508
"Headw.w",0.80468327498429,0.000127705910610588,0.000509118980527677,0.043,-0.906797125129504
"Mandible.w",0.514683507908823,6.16952355489571e-05,0.000159435717097904,0.15,-0.785293085953069
"Scape.w",0.500315808233513,0.000326511714345432,0.00081241083448826,0.198,-0.742973045163755
"Webers",0.580585194592495,0.00548683542532701,0.0162670065830138,0.163,-0.890340762359466
